Date,SPY,TLT,GLD,DBC,UUP,EMB,IEF,VWO,EFA,AGG
2000-02-29,-0.015225701844881145,,,,,,,,,
2000-03-31,0.09691393812049509,,,,,,,,,
2000-04-30,-0.03511992854561763,,,,,,,,,
2000-05-31,-0.015722991072562253,,,,,,,,,
2000-06-30,0.019681499890878307,,,,,,,,,
2000-07-31,-0.01570216108272482,,,,,,,,,
2000-08-31,0.06534090166842121,,,,,,,,,
2000-09-30,-0.054862051773681086,,,,,,,,,
2000-10-31,-0.00467797028973671,,,,,,,,,
2000-11-30,-0.07465275514737624,,,,,,,,,
2000-12-31,-0.0052266290342105615,,,,,,,,,
2001-01-31,0.04445868435973099,,,,,,,,,
2001-02-28,-0.09538694964273442,,,,,,,,,
2001-03-31,-0.05603733398466493,,,,,,,,,
2001-04-30,0.08543979994999162,,,,,,,,,
2001-05-31,-0.005605649362102616,,,,,,,,,
2001-06-30,-0.02382924333777192,,,,,,,,,
2001-07-31,-0.010195447912849764,,,,,,,,,
2001-08-31,-0.05933321697385541,,,,,,,,,
2001-09-30,-0.08163022803762676,,,,,,,,-0.09619821459777733,
2001-10-31,0.013022040780685806,,,,,,,,0.018240647829952383,
2001-11-30,0.07797762322590907,,,,,,,,0.03344394689780894,
2001-12-31,0.005638793416069987,,,,,,,,0.00609578746900441,
2002-01-31,-0.009798735750533583,,,,,,,,-0.057837679774701445,
2002-02-28,-0.017935807960893557,,,,,,,,0.012011143838940308,
2002-03-31,0.03327064865387985,,,,,,,,0.05582425789123335,
2002-04-30,-0.058155645003074685,,,,,,,,0.015236731706511852,
2002-05-31,-0.0059335227955867875,,,,,,,,0.0053311955069510475,
2002-06-30,-0.07380790416768146,,,,,,,,-0.03287647893428214,
2002-07-31,-0.07881911540598108,,,,,,,,-0.09531874239652094,
2002-08-31,0.0068009217784674725,0.05513189471211555,,,,,0.025206854921822064,,-0.00978987294189182,
2002-09-30,-0.1048524056971003,0.04259165609438087,,,,,0.038548103587179305,,-0.10357828940073777,
2002-10-31,0.08228355934711762,-0.036942886822177834,,,,,-0.012508493261306874,,0.0383403981808621,
2002-11-30,0.06168136101764232,-0.009161384687070062,,,,,-0.02089355492808942,,0.05614595816273704,
2002-12-31,-0.05656972903002078,0.04525335634278682,,,,,0.03547862344914665,,-0.033484167097235895,
2003-01-31,-0.024595111358363675,-0.005758638357304169,,,,,-0.007662124489129063,,-0.04302592198950095,
2003-02-28,-0.01347889662743329,0.03097463769418507,,,,,0.02203899501236295,,-0.02110805812230576,
2003-03-31,0.0021398741267464327,-0.013646819067188676,,,,,-0.003800075853419016,,-0.02318064045334267,
2003-04-30,0.08461238716415553,0.01048376052599842,,,,,0.0013799167812182933,,0.10165574178161152,
2003-05-31,0.05483563051721929,0.06319486323472945,,,,,0.0379092835788295,,0.064522364465317,
2003-06-30,0.010651679124471736,-0.018067164780762646,,,,,-0.006916598265733209,,0.0193882090318529,
2003-07-31,0.01802744626058561,-0.09980690630744804,,,,,-0.050201578457328755,,0.015141838352138892,
2003-08-31,0.0206256555872375,0.013054626675963243,,,,,0.0071019404597518765,,0.032924200728664754,
2003-09-30,-0.010906393447069451,0.05934234713060915,,,,,0.04975467902053676,,0.030201279048055474,
2003-10-31,0.05352718939853873,-0.030311312701480464,,,,,-0.014664535861545813,,0.0649577148562539,-0.009346555031700898
2003-11-30,0.010921169122982688,0.003394780172450318,,,,,0.00022538772712787924,,0.025280363053466592,0.003343010536197344
2003-12-31,0.05031270244410768,0.013433255928506194,,,,,0.020401524662851944,,0.08737561055181087,0.009791824707330976
2004-01-31,0.01977010092449305,0.018607359677079716,,,,,0.01015432065622579,,0.011259040405734,0.004406338707096946
2004-02-29,0.0135703205221831,0.022819543825439714,,,,,0.01611843987141337,,0.02298993049400222,0.011415947989437791
2004-03-31,-0.013245727396879126,0.014110389487483888,,,,,0.012969812917360546,,0.000706997568605372,0.006837080487182012
2004-04-30,-0.018920962790691997,-0.062353140549051056,,,,,-0.04346145125467393,,-0.03389837897022796,-0.028065022490210922
2004-05-31,0.017122990836458074,-0.002580770326673587,,,,,-0.0053108981671108335,,0.011403262211471032,-0.0037802632194530172
2004-06-30,0.01850161501633729,0.010534930687670307,,,,,0.006532522287909126,,0.033536018554193525,0.0072833538435594924
2004-07-31,-0.032218865100202554,0.015315462743747288,,,,,0.01211652523832929,,-0.04265749212896586,0.00924952526268541
2004-08-31,0.0024361146240907683,0.041656553148705644,,,,,0.028297391017052087,,0.011906461073075691,0.016185418882051383
2004-09-30,0.010037073626409043,0.009494551435636378,,,,,0.0032233429161163674,,0.02071763166309104,0.0051703211272644545
2004-10-31,0.012885005441133357,0.01764725651686505,,,,,0.009893153282259037,,0.03500704900782137,0.008665065668575833
2004-11-30,0.044517271428994754,-0.0239580207899186,,,,,-0.0197786768720275,,0.06081353289633484,-0.007390804395235873
2004-12-31,0.03012097447093498,0.026588129369188085,-0.029255313077842793,,,,0.011673187390813577,,0.048067097853321084,0.007973364530458493
2005-01-31,-0.022420986811129473,0.03568520749245763,-0.03607301470043256,,,,0.008710497590324051,,-0.0190332344463634,0.004882914803321592
2005-02-28,0.020903993467341397,-0.014720410790993399,0.03102789011648288,,,,-0.013683843698622189,,0.03785031711233078,-0.0037140353498673617
2005-03-31,-0.01829258969195191,-0.0045465080439599515,-0.01631056982272039,,,,-0.004033874512056834,,-0.026233443125196043,-0.009742978087164511
2005-04-30,-0.01873534876295435,0.03865216854717879,0.01237736532167566,,,,0.025164042070344506,-0.023304892485503714,-0.01617702400499932,0.017228899589701197
2005-05-31,0.03222482026695572,0.03137486113871346,-0.03921561725675826,,,,0.01838258373612156,0.029067091769323206,-0.008637418858852941,0.008276624238994446
2005-06-30,0.0015145690421449753,0.021647589853659888,0.042977119693930366,,,,0.004784947889539204,0.03457021448723552,0.014327299199623944,0.008762158863728109
2005-07-31,0.03826178120072843,-0.033807631528386395,-0.014272535715587287,,,,-0.02186981345734118,0.06968153308161074,0.02996782923351682,-0.01035503157922213
2005-08-31,-0.00937455252140773,0.03476563964972712,0.01354511525428137,,,,0.020004117918668518,0.014285710652009564,0.03836173844060875,0.01181564607943586
2005-09-30,0.008025612343325994,-0.03612957011101703,0.07603684610685546,,,,-0.017522468937486324,0.08225354062377477,0.03694460852866155,-0.00936530880643871
2005-10-31,-0.02365108493476953,-0.02240965010514595,-0.006423966427397176,,,,-0.012392235925522965,-0.0565675677648404,-0.03184194300984411,-0.00991022334484748
2005-11-30,0.04395245115081492,0.006903150321648344,0.05818958748818792,,,,0.006252584314672127,0.06970749281972011,0.023111365966152153,0.003745760022796585
2005-12-31,-0.0019136331299507425,0.029816734928777455,0.05050923490844328,,,,0.013659450421697583,0.0652937551402959,0.05182556056773624,0.011342256466712941
2006-01-31,0.02401483068713084,-0.01338350310594072,0.09926325610950593,,,,-0.00703089530123846,0.11629475603585826,0.05771515524829929,-0.0005967057828600852
2006-02-28,0.0057250209489512205,0.01107886421690596,-0.011111129799614039,,,,-0.0010360461721871106,-0.021483668490519747,-0.006999870453612056,0.0016075404638022928
2006-03-31,0.016503535511504852,-0.045699512236232254,0.03620472249591011,0.027908998115034445,,,-0.013578841933977959,0.011729652962454873,0.04005153318591881,-0.008674774142541142
2006-04-30,0.012631949522397434,-0.027523583487316317,0.12030977706278279,0.07017562019808143,,,-0.006271226673197239,0.078031943204107,0.04790502309200373,-0.0014888909551004081
2006-05-31,-0.030120865278436937,-0.0019092416427475278,-0.013212367941959902,-0.0039033766377188917,,,-0.00106836679746658,-0.11291873472980174,-0.038218326879004394,-0.0019862096099089177
2006-06-30,0.002608615926197544,0.01178375863350567,-0.046707203143457665,-0.0086206839661086,,,0.00229601395898138,-0.0009323208293097185,-0.0006115950793910141,-0.0016091792782828573
2006-07-31,0.004478114449121939,0.021633024178283167,0.031520501708389936,0.02213447635835175,,,0.016773074520270326,0.018512146944236196,0.00810563012857446,0.013889751533774586
2006-08-31,0.021822099862019106,0.03056095333608022,-0.013774523970655372,-0.03325623097289454,,,0.017634718198408894,0.014816101227575151,0.025485123921012987,0.015909361447345782
2006-09-30,0.02700231939106401,0.01915023672878302,-0.04527210873938614,-0.04199988682544209,,,0.01207690051957977,0.010536112627989702,0.002218971767149025,0.010115465815654812
2006-10-31,0.03151643078777999,0.008466138417071223,0.012947712156690105,0.010020888822721785,,,0.005384946032037874,0.0507891396158513,0.03749065366429005,0.006857116976189737
2006-11-30,0.019885135943637167,0.023081350125219835,0.06889106234313203,0.06572969338674972,,,0.013114001319512347,0.07328146864055918,0.030729858415689204,0.010619202178012932
2006-12-31,0.013371277047999675,-0.02695767709935204,-0.018325831904969392,-0.023199502017222207,,,-0.012756257540028071,0.040118704646377124,0.031972273594947476,-0.006005112451403338
2007-01-31,0.015039771112097089,-0.009949701332192085,0.02562890001654794,-0.02400320943431522,,,-0.004002900997728598,0.0007751408457157272,0.013930564733876105,-0.0007020240380753995
2007-02-28,-0.019617484824921316,0.03388915189893038,0.025451202827030173,0.050854449391110945,,,0.020550862641322665,-0.02324054246966456,-0.0012123888639770097,0.01625443826714701
2007-03-31,0.011589289751185339,-0.01700354931632586,-0.011131249335096238,0.006743327469597382,,,-0.0013832043613594136,0.04256469433858978,0.028995383397627972,-0.0019502574453097443
2007-04-30,0.044295984502791486,0.009050498646534733,0.02053542010936238,0.00748614570322248,-0.012101673881018238,,0.006066194315913487,0.03803661694857463,0.037483508635122176,0.005897130587783739
2007-05-31,0.033919872324706724,-0.02313812597592879,-0.023103227112383773,-0.002346392912254913,0.017558058641563123,,-0.013936273590010151,0.06656927452857775,0.023622881266025075,-0.009173112324387667
2007-06-30,-0.014620754142105286,-0.010134698266978437,-0.01937754431980876,0.007447995673985464,-0.001605077319563608,,-0.004675661682623011,0.04546499581529173,-0.003208265109126085,-0.0037674701482689477
2007-07-31,-0.03131012220824769,0.033189873297238215,0.023650293322754035,0.019066375024797688,-0.009244358013770437,,0.022567970456323083,0.03516246591275429,-0.02290470078680551,0.010731127317759714
2007-08-31,0.012833034000993004,0.017877536293077645,0.011095846137414656,-0.01909127811672895,0.005679585657085928,,0.022630498712274738,-0.00010533304480442318,-0.006336008957092409,0.012794455502594504
2007-09-30,0.03871387377546642,0.002282262813046554,0.1050812664749683,0.09420015150873873,-0.029850764408999586,,0.0008830803097648054,0.09831692266293612,0.05317547391495148,0.006328309633160778
2007-10-31,0.013567043667052747,0.01816099307767427,0.0695143580717299,0.08502289973915156,-0.012474129679834411,,0.010769281026544952,0.13008295332111453,0.04249934454135751,0.010079520658245578
2007-11-30,-0.03873273116156151,0.05351338059933752,-0.016535271004099905,-0.006229377755968768,0.002947406222995941,,0.04047683380232625,-0.08526587410305586,-0.036237140431482184,0.018035255273539885
2007-12-31,-0.011260949846914503,-0.006278118892030005,0.06647697115798756,0.06704226810042524,0.003264114935142892,,0.0005056038266104679,-0.009455891426232599,-0.029812562059913006,-9.274520541324716e-05
2008-01-31,-0.060460957789356784,0.0209590751473816,0.10841623260567879,0.029150785267018087,-0.010970641732934494,0.009471936743582932,0.033558585596820345,-0.09022070183972497,-0.07847169356894079,0.023129613682959516
2008-02-29,-0.02584232738087433,-0.0045532990241478055,0.052297578769114894,0.1114533578083976,-0.020904307592921167,-0.004065344598134679,0.012392780763814448,0.02877025870513661,-0.010229344999346579,-0.0016005597124794102
2008-03-31,-0.008942333561072324,0.02138813402887041,-0.059991647169457374,-0.009141304676955841,-0.023965210998956876,0.0009311628165731278,0.013372703939176889,-0.03677522132589872,0.004189948478840355,0.0012972652918212813
2008-04-30,0.04766198263024579,-0.024862356020956655,-0.0415883418198143,0.060385803062335874,0.00937501475043101,0.011615936095173751,-0.024173854496720604,0.08433459603198767,0.054381189589262524,0.003275637219739558
2008-05-31,0.015116346568894379,-0.02688274895571674,0.009232491728512704,0.06907456830962544,0.004422862540640615,0.0010468348116003945,-0.017775294456071622,0.017850223179764813,0.01187170939013571,-0.012651831967666949
2008-06-30,-0.08357550640296274,0.02653615569578971,0.0451687217321981,0.10431575191295739,-0.009687410839434918,-0.019812312077618688,0.011460418310470732,-0.0980920361607519,-0.08786795079624998,-0.0018499553107094169
2008-07-31,-0.008986084403611594,-0.0036732956995009225,-0.014442009549096912,-0.09781151203032279,0.010226749411373026,0.007878765035269852,0.007205737844475868,-0.04722219968794539,-0.033202370311170015,0.003940124137347567
2008-08-31,0.015454056216682055,0.02739288876655399,-0.09291743535130026,-0.06534680703824292,0.05369723448331598,0.0071536454276261985,0.015266323968414097,-0.07916555388073976,-0.04247607568505951,0.007418983730949291
2008-09-30,-0.09417346776205016,0.014758479441461247,0.04112104574714248,-0.10248932248006737,0.020885547281546346,-0.07145026761929285,-0.0014029381352388404,-0.15586958746236712,-0.11436219840760853,-0.01759729064147686
2008-10-31,-0.16518699254040958,-0.0186057975577274,-0.1613965370422935,-0.25081143473833256,0.08428796240538783,-0.1939372741981873,-0.008628929181692113,-0.27264864212573137,-0.2083481934698993,-0.022811096200895165
2008-11-30,-0.06960652172335324,0.14341328989877322,0.1257359360970265,-0.1236706826548033,0.0018867665957051916,0.09568551338410614,0.07753792744876042,-0.0864739234268268,-0.0637198027701672,0.03024265191126463
2008-12-31,0.00979625576305132,0.13652398433010426,0.07732535516442862,-0.032621744602575276,-0.06380537929137053,0.17703818389109438,0.05156215750975579,0.07653117998019021,0.08868395681532881,0.06662405581251463
2009-01-31,-0.08211408013197219,-0.13070800026267249,0.05536293459751551,-0.04436058581465885,0.05103299107590775,-0.06963138463461827,-0.03887215969549662,-0.0890964137935435,-0.13731597788624716,-0.01986484081112183
2009-02-28,-0.10744895343800387,-0.015319336185339205,0.014456244990885825,-0.05629616475017629,0.020423716473595643,-0.05606001107406833,-0.007348074899954926,-0.023754250261029175,-0.10387631705177258,-0.01055387720848544
2009-03-31,0.0833105289433973,0.04047306634022596,-0.02536973490015282,0.04657235257825865,-0.03172196763783508,0.05108639251728708,0.03313564936397184,0.12404615836537136,0.08391020285847328,0.011030035322999732
2009-04-30,0.09934624662107039,-0.06952026844061676,-0.03334074188003566,-0.001000106485508967,-0.011700454057438803,0.0772749315876895,-0.02745206746230644,0.1744479937668444,0.11519025727121202,0.005152880923636305
2009-05-31,0.05845322189505109,-0.03694873357730899,0.10232612179073874,0.1626626122519954,-0.06353593400296254,0.02899771180326205,-0.02077264455789707,0.17889397702652765,0.13191769053722857,0.00709607260565992
2009-06-30,-0.0006546762517640747,0.0075107995479097855,-0.052182918942994094,-0.026259034273010684,0.0071638901757489215,0.009593319766511454,-0.005571556554339607,-0.024524603671572165,-0.014049390284612384,0.004206975190176321
2009-07-31,0.07460557118654587,0.0057596873144056815,0.023799058583926502,0.01856772206274293,-0.024267735501419474,0.031119029405799026,0.008317296056646661,0.1090510501943589,0.10041531783926172,0.012691150585718347
2009-08-31,0.036939418218873366,0.022309795527483356,0.0005356513398515617,-0.04036476705855396,-0.002572954469377553,0.024358099145660006,0.00763360130671531,-0.0070843258852978375,0.045030343366973646,0.012203000688757237
2009-09-30,0.03545718029882394,0.02457955471239126,0.0583511441028417,-0.0022612531552547166,-0.020206408557647992,0.05212569692028812,0.01124397701453872,0.09960055568889259,0.03796512060822921,0.011881195272507306
2009-10-31,-0.019225250270332284,-0.026160493334025148,0.03722812708124823,0.0693562191729995,-0.003948985969769225,-0.005323063143464202,-0.0013798447484353327,-0.024137004226151726,-0.02523756533728916,0.002218014251308853
2009-11-30,0.06160754858619,0.012129527033929666,0.12786502259277088,0.045358157587368275,-0.023348019615011872,0.007955619232540512,0.020171973153653378,0.07180858127205259,0.039212219303937035,0.012863453375454137
2009-12-31,0.01910062049421013,-0.0634572041683118,-0.07203391451937646,-0.0016219584391103936,0.041046420020081964,0.0023702180491345093,-0.04402847120814368,0.03117781591314639,0.007096095660312107,-0.018812501474894106
2010-01-31,-0.036342254038808974,0.026923446590470634,-0.012580360682460823,-0.0783914682864768,0.01603114745033074,-0.00540287272115525,0.023702776801959757,-0.06731740498330796,-0.05065138524816515,0.014147975775796073
2010-02-28,0.031194380801488286,-0.0034260135894579324,0.03274821867388655,0.04142787499799905,0.008102326607552612,0.013290575665197535,0.003318281479486318,0.018828456915662706,0.002667855875915226,0.001985353103937104
2010-03-31,0.060879781930076815,-0.02057307370002226,-0.004386396377547008,-0.0046551176315133835,0.006768143425379014,0.026092380240200663,-0.010569420638565807,0.0818793307120651,0.06385407899476836,-6.702210762343785e-05
2010-04-30,0.015469826161373046,0.03321904983741719,0.058834362933984474,0.03911568638848584,0.006722643609234025,0.005097308698821523,0.016528776470841944,-0.002135213327369656,-0.02804566452653179,0.00973217126582182
2010-05-31,-0.07945433755022147,0.05108237837016061,0.030513146883171416,-0.10147308724862569,0.057596201958577176,-0.018192953057784234,0.029330944900503697,-0.09177364225463114,-0.1119277645357013,0.010824654082833396
2010-06-30,-0.05174101427147704,0.05797923162498364,0.023553189068376224,-0.017759502913087366,-0.01104987259746204,0.02394337502352273,0.0304832699123736,-0.00549785359047783,-0.020619981470141657,0.017687230617565275
2010-07-31,0.0683006557647261,-0.009464376323023438,-0.050871157346166984,0.06119603224068548,-0.052673545953408896,0.040529755383580834,0.009096426638113275,0.10213251357924702,0.1161044715557753,0.00854765651832623
2010-08-31,-0.04498037809842226,0.08390960782847046,0.05706125282865315,-0.030144028379106125,0.016006895242440367,0.025881456901845956,0.03356059201917372,-0.025555486964449203,-0.03795040120871729,0.012867668225179152
2010-09-30,0.08955453298961946,-0.025204423243220364,0.047755584400488216,0.08603594251465907,-0.053068097443359386,0.016102980898171193,-3.091128515009256e-05,0.11421552636756438,0.09971968908656903,7.346440885336314e-05
2010-10-31,0.03820215757114065,-0.04469188145763914,0.03682269814892791,0.04437987896311579,-0.02057788001103189,0.01943818084125226,-7.065655014226735e-05,0.03101650929047417,0.038055254500040325,0.0015222637643959036
2010-11-30,0.0,-0.016892506118415973,0.021112978094167678,-0.004368474268452771,0.050514153720286226,-0.04425204858969578,-0.008981448328962194,-0.028376162557098183,-0.048237388537473835,-0.00834917796885215
2010-12-31,0.06685229179742591,-0.03699141963207808,0.024368653791006833,0.09892292789966617,-0.03361716341302612,0.0037334895661671474,-0.034309927131811135,0.0756991175019941,0.0830809394175378,-0.00675434549211984
2011-01-31,0.02330009970722302,-0.030811849527105806,-0.06379762129208244,0.035571792557478554,-0.01541164543564122,-0.010366496432250516,-0.0002120511457458507,-0.034476040786336926,0.02095512140946032,-0.000850782010645923
2011-02-28,0.03473713457759442,0.016501264874758004,0.05998312803425154,0.041710254220246545,-0.01207519134182089,-0.0006154551657389096,-0.0020854992786593085,-0.0017201571524833037,0.035497959647859956,0.0029048708650092347
2011-03-31,0.00012021654257532433,0.0002939601973876993,0.01598138086384293,0.02658160480256111,-0.013580790494469919,0.015523583714808664,-0.0015447460808822866,0.05472966505508081,-0.02388324534986641,-0.0022303304985707983
2011-04-30,0.02896143969303755,0.023390761696572948,0.08944654978008071,0.045558803940624504,-0.03854979136745451,0.017065445234438092,0.018412308301396507,0.03370766163391137,0.05625863387306573,0.01567363386180798
2011-05-31,-0.011214391267161394,0.0342283897353024,-0.017916885312225905,-0.05172420133744804,0.018615719589825552,0.014478429876845667,0.025057064365408888,-0.029446710765388295,-0.0220612962808584,0.01239934358620376
2011-06-30,-0.01686967764198888,-0.023230825261192134,-0.024325042799353547,-0.04264462356272891,-0.005623257877605536,0.006221429612109697,-0.005044831036961628,-0.00997772156529908,-0.012107440376865397,-0.004451361452960878
2011-07-31,-0.020004841281803132,0.04414629568189876,0.08417803620638908,0.045580215945032254,-0.008953688973223795,0.019729782039138444,0.03169422589352244,-0.006170287258031704,-0.023777797475126095,0.016865917079793347
2011-08-31,-0.054975317414919345,0.09667421425407152,0.12274943937515781,-0.003963061297399428,0.0019018686581533384,0.005154048519052656,0.046514040757039465,-0.09085254047068758,-0.08754907273292312,0.015204769378210248
2011-09-30,-0.06942093290742679,0.1320617403541693,-0.11062347246832638,-0.14622025022395924,0.05885142904140328,-0.04789829463825712,0.022371330167266334,-0.18438403306023277,-0.10808262975976168,0.007705723727173819
2011-10-31,0.10914700787278453,-0.03829232745255817,0.0587118747477946,0.07650503891882066,-0.03316888683258279,0.051537995772400924,-0.012865012517136343,0.15908359728127386,0.09627444801517715,0.0012651582106326664
2011-11-30,-0.0040635610216779305,0.01989132308925301,0.016672693952307194,-0.0028860659521535714,0.022716594045697924,-0.012868659339797972,0.005797991842458883,-0.01709566728699452,-0.02176420899391851,-0.003307832019891488
2011-12-31,0.010448130483974749,0.0344487619603282,-0.10662433944055594,-0.02894337814931669,0.018585770811613944,0.01912146638047796,0.019876879202121778,-0.04161229511792919,-0.02174915788283105,0.013566728412208517
2012-01-31,0.046374685258623094,-0.003298928773258769,0.11395480912860867,0.03688504919808144,-0.015576154639173168,0.011389115541797556,0.008619984064353048,0.10782593485850867,0.05269542161807239,0.007256081964059025
2012-02-29,0.043405127991511305,-0.025970578658115917,-0.029649780549572347,0.05353937445914214,-0.007233325877644248,0.024709424153663617,-0.010998347300101297,0.054334561196138775,0.048331074618324754,-0.00013489043259040656
2012-03-31,0.032164177726556664,-0.04236069023152955,-0.013208340481005276,-0.017735453178058913,-0.0022768123005878493,-0.0012149578323104038,-0.015912910324386242,-0.02599153769530027,0.004208082181144324,-0.005729707852654475
2012-04-30,-0.006675893308925374,0.048343619713203,-0.0014803247076433657,-0.01354162203201259,-0.004564224421039098,0.01786917835394597,0.025091698728298306,-0.020934265772395877,-0.020768897452271284,0.009059615883415528
2012-05-31,-0.06005574025779692,0.09025304084742469,-0.06338034010471139,-0.11158032944352136,0.05410364307082505,-0.02770731827984385,0.028695743338363888,-0.10667264105249152,-0.11144184912541699,0.010780804625214246
2012-06-30,0.040581071078403363,-0.016782488873781864,0.02354575543588089,0.020205849262507014,-0.022618622237944197,0.04064865633291315,-0.004143712376682429,0.0502368775473534,0.07043285317660897,-0.00019638769203644824
2012-07-31,0.01182931711104973,0.03817334368516301,0.008376847936764742,0.05825259305480279,0.010680936908318062,0.03742740835092628,0.014012183588012483,0.002003187606078427,0.0008010509643088248,0.013620832058506727
2012-08-31,0.0250532302628228,-0.013188608061899032,0.04939609851235338,0.05651381749218598,-0.018053710734466044,0.012336219046557684,-0.0011735730892102891,0.002499744023136019,0.031999915459272055,0.0
2012-09-30,0.025350461292279025,-0.025328397092157284,0.046705627280061,-0.003820785880755073,-0.017040216692870036,0.017853849461054727,-0.003481791460145156,0.05310247032088489,0.027131919938842453,0.002666688772853032
2012-10-31,-0.018197911428185387,-0.0048399570493175,-0.029437416816341377,-0.039051591068973046,-0.0013688509640857882,0.006206493859700624,-0.00396108970890241,-0.0055129182296099755,0.010943105456577173,-0.00047213843402360567
2012-11-30,0.005659834335783653,0.011592091014469563,-0.004675410721908135,0.019593488827155836,0.0013707272854519559,0.008962634094470179,0.009791989367790244,0.012774416281633227,0.027809032400360367,0.0027060063765875775
2012-12-31,0.008934344352784507,-0.024876989740050703,-0.02426979045607558,-0.011387829040939046,-0.005018356372672006,0.007145385261374315,-0.009403527515545629,0.07067063132402973,0.04381152272791278,-0.0024519994301152037
2013-01-31,0.051190191238662974,-0.03185290132432672,-0.005061148639644464,0.024837977439998493,-0.00871147490838331,-0.028503861184151824,-0.012931258668922863,0.00067383898025275,0.037284729854746956,-0.006211661134607138
2013-02-28,0.012758983828977,0.012386371854368639,-0.05086846838387371,-0.0470671086208726,0.034690004262169394,0.002641459050976014,0.011325098327762184,-0.023563357868497614,-0.012885872735022064,0.005908627585042847
2013-03-31,0.037971218387153005,-0.004194175207139161,0.009477104236877087,0.006634763212148176,0.010281645520526572,-0.009364921767526235,0.002868083039731628,-0.01266486455104665,0.01305408602622804,0.0009852965607368702
2013-04-30,0.019212440480141257,0.04684872706330645,-0.0756231330952718,-0.03808121346518378,-0.017699194612240565,0.03566861423263945,0.015252946954352753,0.02004630308846944,0.05018633604291067,0.009685662013671381
2013-05-31,0.02360945822580396,-0.06760952015926547,-0.06198785346133606,-0.015607185416461222,0.018468560704503423,-0.04925296627783138,-0.03105044046617278,-0.05073095691962315,-0.030190604822853517,-0.020010742601076825
2013-06-30,-0.013344324383915751,-0.03271264324763301,-0.11058839427335088,-0.028229050545438672,-0.002211458668039401,-0.04440706526039062,-0.025461404361557305,-0.05354884993500553,-0.026779220443874485,-0.015654984851155795
2013-07-31,0.051676553919459245,-0.022579898214201588,0.0743010530498811,0.031834441727050855,-0.020833379718342093,0.001558257146969666,-0.003527119308916693,0.00696076250194988,0.053228451761856865,0.0026917375088255646
2013-08-31,-0.02999247198309951,-0.013403718554224398,0.052047484216675155,0.028152848242456896,0.004526826807893514,-0.02430958574161879,-0.014225954484131442,-0.03430638520107465,-0.01955263563818377,-0.008263895097274543
2013-09-30,0.031646756964694545,0.006518361982948084,-0.047838379698351585,-0.033758563846351786,-0.025236423305753042,0.031514044984885414,0.01846219663234261,0.07275028609810197,0.07824912204006207,0.011206677608629034
2013-10-31,0.0463064995226834,0.014304205476507015,-0.003432632525768975,-0.00038824013366045573,0.0,0.025350174029584283,0.007778562503501618,0.043358911003217315,0.03260186750765981,0.00832627919764417
2013-11-30,0.02963774764690097,-0.027032825467361965,-0.05511195422936577,-0.009320330779748476,0.0032362104280940773,-0.020222626552981682,-0.008763759410810201,-0.009314244024029028,0.005464583218193653,-0.0025069015354686197
2013-12-31,0.025926777339394302,-0.018696622423125087,-0.03794527189279151,0.005880143035812635,-0.008294900232460933,0.0028625594033586665,-0.020906112286885103,-0.002845835954880749,0.021761571944334035,-0.005567280584881318
2014-01-31,-0.03524871249796235,0.06302706688449122,0.034188714238774454,-0.03039748926200736,0.014405091858772145,-0.008136148362932638,0.03063266356435146,-0.08434601125226682,-0.05201195036410777,0.015408984216932264
2014-02-28,0.045515929350366635,0.005240794919952885,0.0627030280482701,0.05024106534834094,-0.020613864260753623,0.03444771841391625,0.003574648282428594,0.03238660373802338,0.06131114506616453,0.003763632832320507
2014-03-31,0.008295996121415072,0.0073222059763975444,-0.031421423365686874,-0.00038256997054531006,0.003742003084928669,0.011905894273187334,-0.0056107034541844625,0.046273471741967054,-0.004592130791883475,-0.0014800792089235681
2014-04-30,0.006951099839452635,0.02095193362877401,0.0049348807324614,0.011102489219852796,-0.008387772804227422,0.01058620765861673,0.007583250073458947,0.008871318058418787,0.01666649601079717,0.008216624279319129
2014-05-31,0.023206469162455168,0.0294948433602642,-0.03051039187154414,-0.014388484292141346,0.008928657644629912,0.03467443933811376,0.01825404496933558,0.031021015112376205,0.015954687861569727,0.011790176490878768
2014-06-30,0.02064467740283593,-0.0025127728174032526,0.06319017654797743,0.021129463237148594,-0.00978119469904104,0.0004336525430697069,-0.0021674401005219446,0.03173044429669725,0.009207518050327712,-0.000575239775655545
2014-07-31,-0.013437276522775043,0.006641220607049636,-0.03631673024297155,-0.047404020095981436,0.022577455964435167,-0.002515591196743272,-0.0022054737410575065,0.013679753019611773,-0.026034938606176006,-0.0025088078987033358
2014-08-31,0.039463355887860097,0.04723785027828309,0.0038090706137288155,-0.01145336861869839,0.012879661143686327,0.012699242992338045,0.018802283941254494,0.038425946620781026,0.0018023360009913336,0.011496256811877492
2014-09-30,-0.013796200786930002,-0.02112291251811027,-0.061763293138879294,-0.07231326035740937,0.03860127858725626,-0.02158853987693421,-0.01049473329984063,-0.07165762704039358,-0.03882492680421501,-0.006148115660572606
2014-10-31,0.023550656850876317,0.028185539848933017,-0.03054810644807593,-0.038759736619404905,0.009619497879721273,0.019740024828212466,0.015363444616295796,0.022297070310121292,-0.002651243887587751,0.01064059952069929
2014-11-30,0.027472173568144687,0.02967437139058271,-0.00488197260677703,-0.08512541995160006,0.016457501087687287,-0.004156019688717705,0.012886158769367606,-0.011022712705208382,0.0006255245175188495,0.00657040939968101
2014-12-31,-0.002536785077911108,0.032512735487872035,0.013112132840068735,-0.09647398992091893,0.02130376575517534,-0.02717607818697365,0.0012944413545745714,-0.046803175248112505,-0.03992782935996664,0.0014759104667454448
2015-01-31,-0.029629136939100853,0.09815807836802581,0.08689905756357263,-0.056910635215919436,0.04839372897404837,0.018684539289249624,0.04302293948152158,-0.001998807310946926,0.006246006341268595,0.020523302931318543
2015-02-28,0.05620461600457394,-0.06138386005352048,-0.05905219494812319,0.044252854598874736,0.002785575805139162,0.009598326884830088,-0.024716808176530325,0.04656997836658583,0.06337809276486084,-0.008948285997592231
2015-03-31,-0.015705596069915617,0.010922410436638774,-0.021522037888980217,-0.06053928138940834,0.027777745060617365,0.00023182394771192882,0.008559889083127326,-0.020552427305364107,-0.01428565521143399,0.0037469491000221566
2015-04-30,0.009833813793109547,-0.034252101053861894,-0.0016716737223684275,0.0714704251092555,-0.03822397375729836,0.012332422223439776,-0.006329826957629625,0.07413690912024862,0.03646554885376707,-0.0032273259598296633
2015-05-31,0.01285653082525795,-0.023724356033761884,0.005552104050766671,-0.03171136291253063,0.022079324178900794,-0.003087610742516622,-0.004163748700907743,-0.035535123968427285,0.0019543241316213322,-0.004374281644627054
2015-06-30,-0.020312599367065864,-0.04072017107685544,-0.015162101232906178,0.01637495355099694,-0.016889069516598854,-0.01814212970466511,-0.016308502467388797,-0.02553130597806097,-0.031182056333326935,-0.01076691911571237
2015-07-31,0.022589273285589684,0.04546039840095761,-0.06620986259282224,-0.12611112757887544,0.015980805082449923,0.0014796268762984344,0.01518368374909862,-0.06262201172842219,0.020318007551005435,0.008621826803576704
2015-08-31,-0.06095011901546543,-0.006895452342270847,0.03707232801234017,-0.002542967298118981,-0.014549791176195481,-0.011268792582833642,0.0007905482828449717,-0.09864331538676241,-0.07425118790602336,-0.003358684850903293
2015-09-30,-0.025515678258394958,0.019668536138169657,-0.01801138660144541,-0.034416754521731985,0.0015962039500398983,-0.01068308820419861,0.015791881455057055,-0.02881672905503796,-0.04418875352740881,0.00811494481697328
2015-10-31,0.08505922891830431,-0.004087949015262993,0.022833636790845047,0.003300234688650372,0.005976134575502945,0.024260996387685196,-0.006369311759837015,0.052885932813493186,0.06611986817212379,0.0006850407278917725
2015-11-30,0.0036554338955090415,-0.008676257608317473,-0.06752062833262484,-0.06644725104869176,0.032871186679759745,0.00305372870096865,-0.004276260938468224,-0.022961915426959467,-0.007527320588326503,-0.003890172415917603
2015-12-31,-0.01728254151407993,-0.002971903182806046,-0.004513334897339294,-0.0584918416965996,-0.016487651748158583,-0.015168713796512745,-0.004530944012288152,-0.034368070869729705,-0.02331887322410342,-0.0019174784823123847
2016-01-31,-0.04978650299033571,0.05573075008971906,0.05410997351969926,-0.043413232806325364,0.008187134294709075,0.0003780125317165428,0.033336981377277475,-0.0574743138219872,-0.05517691675813763,0.01240638806955996
2016-02-29,-0.0008265769296932346,0.030859535248105585,0.10930343875618398,-0.0023474911871989024,-0.014307680599207173,0.017543350018397685,0.014859638771521189,-0.003243951759252517,-0.03334564090692438,0.008870561923142173
2016-03-31,0.0672663237264497,-0.000932918410695982,-0.008428860461434318,0.04235294055195871,-0.03726942627082075,0.03313221621132034,-0.0006607733786684333,0.12720767386027254,0.0658215868116192,0.008746583643750805
2016-04-30,0.00394140488315875,-0.007365397165908116,0.051088083708025867,0.09706553211224334,-0.01793001658217419,0.015547938775052783,-0.0015613489241331768,0.010121147346406012,0.022218183261797808,0.002549569818317554
2016-05-31,0.01701176086586642,0.008053696035422053,-0.06138296703293311,0.008916267164462255,0.03070529953279655,-0.002157202955414994,-0.0009925034533959654,-0.03235035269178754,-0.0008557253414909205,0.00013640590644792283
2016-06-30,0.0034757289641575984,0.06934203098749614,0.08969501879279118,0.04350785096610954,0.0,0.04174107516858472,0.030876178089708217,0.04923624394174597,-0.024193953547651526,0.019351030968937977
2016-07-31,0.036471244907388733,0.021024914894624436,0.01984656031160892,-0.06970691426080855,-0.006843764947584874,0.01368908117618095,0.0024645959435225517,0.051376784710588375,0.03977077911543847,0.005444399736898919
2016-08-31,0.0011977828829563553,-0.010134245817295384,-0.03256316550912575,0.0077031121549462345,0.006080206004020594,0.013233449865428515,-0.010113920891158479,0.00782958621892016,0.005341152614896538,-0.0021541739364315804
2016-09-30,5.7624802370703776e-05,-0.015084238452979792,0.006892135107908315,0.0430854409976158,-0.0056405508860148945,0.004129187565151904,0.0023741327533293166,0.020207350840459437,0.013367485660628065,0.0005163326586492545
2016-10-31,-0.01733709902968872,-0.04380620154370407,-0.02944919584699579,-0.0033310166619971993,0.029983701533617513,-0.01729096406007713,-0.014946504453876353,0.0031891295338035697,-0.022154486224198244,-0.008171459511724155
2016-11-30,0.03683865423316601,-0.08213760701049289,-0.08356570639157301,0.01671119950318678,0.03265153653074382,-0.04312929026835077,-0.04227320922740041,-0.04053003149315859,-0.017813973617641587,-0.02565530153243145
2016-12-31,0.020272003156122098,-0.004625644443778665,-0.019149882681417818,0.04142007972559569,0.007999999304181493,0.014869487124315794,-0.0011842533770017871,-0.007382345916111643,0.027062748874612463,0.0025416500565125233
2017-01-31,0.017894514570310438,0.008142611878154904,0.05419215772584596,-0.005681853788652602,-0.027588893100654044,0.017328898198357257,0.002194297811736856,0.057573879499857705,0.03291174058565183,0.0021283832476557407
2017-02-28,0.039291352489430276,0.015845562201620478,0.031847686784806095,-0.0019046784155974938,0.014768807297931286,0.016761484523535763,0.0072356584122657,0.022462940870172865,0.011906932836667217,0.006458119333108359
2017-03-31,0.0012501670504323492,-0.00655117729818222,-0.00427746474772539,-0.032442758499147684,-0.006127790896273244,0.005135990843833316,0.0008059509291020728,0.028449055377981924,0.03231667513144387,-0.0005523003236306279
2017-04-30,0.009926020108118827,0.01573238089825857,0.01726748147982482,-0.026955928432372267,-0.014643684966947013,0.017101663105147047,0.011087414193313272,0.015609305284121078,0.024241407508120982,0.009070331013599775
2017-05-31,0.014112917492216326,0.018878477822199535,-0.0012419798017191397,-0.01418925186293618,-0.019163051076676596,0.007615691597215646,0.008268157637208118,0.009916036350406277,0.03542328578894027,0.006870525503734237
2017-06-30,0.006375113695948009,0.00791838008693091,-0.02155534773928114,-0.009595707971074341,-0.013157906715114187,-0.007170501315606037,-0.005095632188777177,0.008504469669807557,0.002960154216593791,-0.00018230735545321508
2017-07-31,0.020554032761765706,-0.006582742677704312,0.02313170169958645,0.040830588343298,-0.027474697343653487,0.011789010990786108,0.00374822280283027,0.053391946857588524,0.026533910496087554,0.0033394454162265497
2017-08-31,0.0029175927082474296,0.034086815316069385,0.04198757511241591,0.003989411570231027,-0.0016618556325523892,0.019894939170214565,0.01457581646373085,0.029993236225986708,-0.0004482369261967767,0.00941357579136981
2017-09-30,0.020149647410277582,-0.02322886294626858,-0.03369891808976022,0.019867423513781235,0.006242142452117516,-0.0018780672080953575,-0.014415506906129139,-0.0049516391399987425,0.02361731515093335,-0.005715620839835789
2017-10-31,0.02356378975362361,-0.0003856243445814478,-0.007484813689786707,0.03961050923350373,0.016542578756086668,0.002431916579448412,-0.0018898512294159842,0.02432876629905656,0.016793049112490133,0.0009784341224312598
2017-11-30,0.030566359427852685,0.007431521410175668,0.003563440057186007,0.00936908487344601,-0.015866531497966796,-0.0027202600998139648,-0.00279250372611084,-0.0033612098996732565,0.006893837122889046,-0.0014832307648772192
2017-12-31,0.0121276012845426,0.01812627722346738,0.021057003170010358,0.027846638926757317,-0.005678155430066445,0.012451058547361837,0.0018475515793010544,0.03705390960090793,0.013488532936335895,0.004751887935856791
2018-01-31,0.05635909032100184,-0.032555539862339056,0.03234937283169237,0.029500112700569847,-0.03245947015756301,-0.006373705363796889,-0.021502842583782877,0.08560211813921237,0.05020621234293898,-0.01125049305921133
2018-02-28,-0.03636024200255661,-0.03041433326367249,-0.020759902030566435,-0.029239716703550633,0.018924788148584115,-0.02181726737351819,-0.009327665246081085,-0.053571393689550106,-0.04834779079047269,-0.010087409462993913
2018-03-31,-0.027410762513525255,0.028596504288150637,0.006320007324218668,0.022891627013659654,-0.003376927263863738,0.005525848407452294,0.011557842858554768,-0.002091817474632496,-0.008396127083679983,0.006711323838409999
2018-04-30,0.005168184900325112,-0.020881089068491177,-0.009539745360543916,0.03415788290136135,0.02202440201876188,-0.020507075471698166,-0.012764948857434844,-0.027671008539103092,0.015212192348936782,-0.00941054917506201
2018-05-31,0.024309412838809497,0.020044155221999205,-0.011959209467577336,0.026765334113957095,0.026108672083416273,-0.00810207421719722,0.009860699540708229,-0.023424392326425014,-0.018942537938896775,0.006619275100792965
2018-06-30,0.005750682695352394,0.006457097429058534,-0.03614944763120931,-0.019412155986950674,0.007269828530325206,-0.014927822593148066,0.001974677331446184,-0.047894860080265333,-0.015840934851611088,0.0010262310009763187
2018-07-31,0.03704668456177185,-0.014368328303894118,-0.022418909632539674,-0.02432117869886452,0.0016037458967748108,0.025733030255996603,-0.005277796764152187,0.039810680901554596,0.028520245975275582,-0.0002927678741174722
2018-08-31,0.03191969718260346,0.013120362661008134,-0.021381117106768266,0.007536118688310944,0.008406846595184314,-0.023191497652111037,0.010139909129837088,-0.04193243951005865,-0.022357945016427627,0.0056804842871123196
2018-09-30,0.005945257570548534,-0.028642579922154243,-0.006607347245927042,0.03394711369150505,0.002778950426219229,0.02030970992609693,-0.01205022994363758,-0.013457824853768452,0.009652725060143696,-0.006197741049304373
2018-10-31,-0.06910385363564564,-0.02930604112648416,0.02119545356837582,-0.056204935122897814,0.022169361987786518,-0.025148959823488637,-0.0030307216829241757,-0.07658537175823632,-0.08133557725898388,-0.006440439392691677
2018-11-30,0.018549262456923232,0.017872689557616228,0.003386881324189961,-0.09846684418866425,0.0038729379520709983,-0.004884656180528024,0.013300805445606523,0.048336054143277574,0.004963305379523053,0.007715574268195802
2018-12-31,-0.08804856420600038,0.05853463005434012,0.04942010593064916,-0.040012630333309485,-0.007573253526317658,0.019073548998994383,0.02804251215343556,-0.03345009249277964,-0.05349759034224044,0.01981180654747594
2019-01-31,0.08006553984835008,0.003785814816479327,0.028865979381443196,0.07108375513897913,-0.0023577339152428545,0.04782971203735209,0.006526129292289573,0.09658836190918785,0.06634909175655479,0.009108737829219171
2019-02-28,0.03241556387059097,-0.013764491161014303,-0.006092201492829408,0.028350303172585578,0.009846530435930312,0.003983634460716257,-0.005254634684191073,-0.0038295400921993794,0.025366832084707358,-0.0011377846739684117
2019-03-31,0.01810089629597922,0.05571726353137696,-0.01596899557748621,-0.0037593838074037045,0.015210694037589567,0.015061424300497617,0.02655128656776795,0.023148240931368136,0.00918005314397008,0.021225857957305472
2019-04-30,0.040852210314207715,-0.019910821461395223,-0.006638842503124187,0.011949767066210759,0.005378277066535819,0.0017697844846527033,-0.005185491274086629,0.021411640423157907,0.029293844612149567,-0.0020035778723195286
2019-05-31,-0.063771006583208,0.06839156144407887,0.017574298155486723,-0.05966442584219167,0.0057317798164568945,0.004928847149901827,0.0304858296279642,-0.06381029712144604,-0.05032945623128282,0.01910855933647504
2019-06-30,0.0695865676047358,0.009501658419518,0.08002914919848991,0.03965637563897251,-0.013297846344114683,0.03526412353336572,0.012171380828498002,0.05371876923671404,0.05911645408641242,0.010985788303250477
2019-07-31,0.015119097070021681,0.002565376988032053,7.514839229982861e-05,-0.01144319789685,0.029264562437134822,0.0073369683542550135,0.0003829402428672246,-0.018104783344465303,-0.019473857500791558,0.0018183220206351436
2019-08-31,-0.01674312064015382,0.11049110429307918,0.0791231345612986,-0.04630221221187247,0.005237600937815667,0.015522062882230125,0.039516102213916326,-0.032567356464689556,-0.019239443501112174,0.02782771787672922
2019-09-30,0.019457758863402175,-0.026799518416246282,-0.0339478600543478,0.01416046686950545,0.008559635334473015,-0.010968207218583381,-0.011861195978306815,0.00910943319702473,0.031640526961047355,-0.006121486075435167
2019-10-31,0.02210454831684494,-0.011131270577915964,0.02563546974700759,0.019281925133183053,-0.01881917288906576,0.0057548788129779815,0.0018790659762080164,0.03949305162979799,0.03389037726422939,0.0020809820553699954
2019-11-30,0.036198563337694,-0.004071342473210171,-0.03208588289288572,-0.0013046020636828803,0.012034534582959777,-0.009496746527707045,-0.0068719282156950445,0.005017860199158175,0.011272720552856219,-0.0003448999185148294
2019-12-31,0.029055325010131305,-0.03197534297427651,0.03655877893383952,0.05849153628454773,-0.015610721127981897,0.029459103545822485,-0.009280226682504167,0.07068891295075708,0.02995376360067281,-0.0004679344262294993
2020-01-31,-0.0004035337971971531,0.07691145494950447,0.04499655849690343,-0.08589342364861041,0.011936796216237777,0.012395554024802191,0.03465785396684962,-0.0553181407058988,-0.02822568085714572,0.020290230941457654
2020-02-29,-0.07916616549618771,0.0662656246768285,-0.006361728631845698,-0.06652944821856566,0.009512914081625023,-0.01253841738345518,0.02961673482989946,-0.035467792498169115,-0.07765255135895921,0.015846559837443763
2020-03-31,-0.12487128925228164,0.06376626898903215,-0.002224031676743232,-0.17340185409011855,0.011307892215929316,-0.14971392757541502,0.037226687189388485,-0.1704677371506199,-0.14106680654880055,-0.005267849748959108
2020-04-30,0.12698374061175932,0.012189093692446473,0.07261060302877431,-0.03111120333777384,-0.001490739529014351,0.04392801753250475,0.0027529938663661824,0.07809229358104508,0.058174381199696645,0.017190658715893425
2020-05-31,0.04764539816899438,-0.017618671759259352,0.02588161543682088,0.08073383573198911,-0.00709220385292042,0.06271353869842122,0.003274646772522871,0.03290035869154284,0.05426909590600859,0.006725699555905962
2020-06-30,0.01773409476163912,0.0033660760733191797,0.02737702630176453,0.04499169577170514,-0.010526319291559227,0.02976561543002121,0.0004269182333334065,0.06477162832592431,0.03511177283389921,0.006591057615351392
2020-07-31,0.058892560610577904,0.04435184688710314,0.10790463097013703,0.051177754138370224,-0.039513703106010434,0.038570826487560605,0.008541115971899105,0.08583673917911194,0.019385579909499295,0.013331786429750414
2020-08-31,0.06979637780649339,-0.05046555325505642,-0.0032356731296194763,0.04636789979782385,-0.01503156975342379,0.007253932684694098,-0.009698679914566188,0.027435646576628336,0.04722012208867654,-0.008236257452531204
2020-09-30,-0.037443515720288145,0.007734023664171641,-0.0417140433776253,-0.03545045505195332,0.018072189598321797,-0.02081223425643508,0.003278128317220075,-0.011958259068378219,-0.020468077784705496,-0.0009729804758275007
2020-10-31,-0.02493356249253076,-0.03385235965895561,-0.0051942084141127776,-0.03139361968173937,0.0007890609153979877,-0.004560256925631556,-0.013807824720837858,0.01318249097408919,-0.03550657234985244,-0.005582870610285839
2020-11-30,0.10877671714663184,0.01663933964473885,-0.05408625961608993,0.10197624609326694,-0.021679232473457488,0.04219865721322513,0.003383549481120962,0.08559690383797736,0.1426944430010737,0.012067344999179275
2020-12-31,0.0370486676415418,-0.012276935191323446,0.07013861264675048,0.05451941891994738,-0.023368189852893018,0.021555038567748985,-0.002384788428199891,0.0599935094799422,0.05015377325551107,0.0008575621909288067
2021-01-31,-0.010190532760549043,-0.03632749804356583,-0.03223816988295236,0.03333327120161145,0.007425647009364544,-0.017772386705926513,-0.010921112329676963,0.031331022878794856,-0.0078124317697049195,-0.00744572124207743
2021-02-28,0.027805273946203357,-0.0573294269862028,-0.06256881416817583,0.10138257359981928,0.004095102782549764,-0.03047025359047395,-0.023633087747610526,0.015673614447591522,0.02237869152601135,-0.015181328200075894
2021-03-31,0.04539951324112712,-0.05245294590782723,-0.011433105943016053,-0.007172697994549337,0.024469776249159247,-0.007285202303444205,-0.023856940496277512,-0.007104293733625644,0.025131827324222256,-0.011463175850319307
2021-04-30,0.05291025214859624,0.024951394308669883,0.035633887903232075,0.07826613169026508,-0.021496803716269386,0.024030158369542143,0.010012537247646502,0.017867605318641733,0.0295242065439969,0.00731998818837587
2021-05-31,0.006566173477447368,2.143205103366519e-05,0.07678377966625938,0.03852602157652063,-0.014646135655851933,0.009639570828151367,0.004248406952296557,0.016987554237776648,0.034822807162261826,0.002038351952041051
2021-06-30,0.02242743377612788,0.04419084800238893,-0.07147662098325525,0.034946127896527956,0.025185764803635102,0.008592119999507375,0.010225822461847667,0.013267932432139418,-0.010780169806197115,0.008279244987700274
2021-07-31,0.0244123681865962,0.03716683208584293,0.025297363508325565,0.01298704404260298,-0.0024163118783407933,0.005574902540370186,0.019902383543799473,-0.058920946070424196,0.00773309945564149,0.01116581890426005
2021-08-31,0.029759945936525423,-0.0034017037637906755,-0.0007655451490135023,-0.016410263673711567,0.004844507805670473,0.0089872797645274,-0.003944343567705677,0.021913538541449062,0.014467139311939992,-0.0020037610751014734
2021-09-30,-0.046605251931584935,-0.029069883927498097,-0.03223525924924131,0.05213753826869394,0.016874297611672917,-0.02637956436536626,-0.015970656565925778,-0.03361995831276243,-0.03261392874275004,-0.009172353382433496
2021-10-31,0.07016343254361934,0.02464978167011611,0.014797178527087285,0.05797837407809148,-0.0023705740768340533,0.0015953379489241915,-0.0044294844891310525,0.012997098640574523,0.03179093752775186,-8.694706100598193e-05
2021-11-30,-0.008034951220043496,0.02771464867824469,-0.006900653696985448,-0.08758787149767866,0.01782177194125234,-0.018825806692093883,0.010921115229096223,-0.02901677418635662,-0.04534730055385161,0.0027083537411805025
2021-12-31,0.04624786023446292,-0.020137803387731745,0.032990977123064535,0.06673513500253692,-0.0027238008281765813,0.021628298347156072,-0.005240301708270501,0.01540246783895105,0.04390932397089253,-0.0035873630267967416
2022-01-31,-0.05274135165608407,-0.03913895023714431,-0.016787612677039987,0.07892195453178452,0.009364079409340809,-0.03374272655836219,-0.021130838754237824,0.004245647253189988,-0.03634995209309655,-0.019985843921394353
2022-02-28,-0.02951698841170025,-0.016330014904990753,0.061217257237826006,0.06467447570015405,0.0003864718930426392,-0.055300940284441547,-0.0030406935716719152,-0.03724580247100351,-0.03429163115734002,-0.011456395642158945
2022-03-31,0.037590364935501164,-0.054443899452901734,0.0127255799503041,0.09174683210457268,0.01622879735272842,-0.010966786664272754,-0.040609103443348116,-0.032552705596432085,0.00518985926985116,-0.028121840097995454
2022-04-30,-0.08776894837319238,-0.09423855278123239,-0.020702963524693363,0.0564084373940954,0.04828895745498096,-0.06672036430491446,-0.042282661655321685,-0.05831353075848866,-0.06739124449097256,-0.03805889668561868
2022-05-31,0.002257302685664042,-0.022533218777584296,-0.03261547766106776,0.04613143426284361,-0.013057664745524944,0.008109356116368316,0.006183648459853197,0.004603982403162288,0.019959092579155735,0.007605423511616749
2022-06-30,-0.08246036750047414,-0.012745314488105675,-0.01565965107712486,-0.07500012938930378,0.027563408719544658,-0.06154085311952873,-0.008634402691718335,-0.03850206579602777,-0.08766634823946673,-0.015530049019501058
2022-07-31,0.09208718531399529,0.024310086426347022,-0.0258815174913124,-0.019894770482679403,0.011802621633700605,0.03602861435358817,0.029614840981978086,-0.007923304069394566,0.05168834149585022,0.02538083683443726
2022-08-31,-0.04080186552662257,-0.04553113182277235,-0.02943328245830701,-0.01493687842411906,0.028985499312453644,-0.02707707355063138,-0.038538367104692606,-0.004598101696334234,-0.061168689847832525,-0.030422693809862955
2022-09-30,-0.09244596714252518,-0.08235100567138742,-0.028881810636775418,-0.07037314746839363,0.03572650045556092,-0.0657507126764818,-0.04734965653455048,-0.10082253280895492,-0.09222038953602651,-0.0414501525577341
2022-10-31,0.08127566624071725,-0.05964391421743498,-0.017844407703562548,0.05060639108924869,-0.003980121918430668,-0.0016323084935770948,-0.014540125245829594,-0.02850113194981707,0.058918058900284453,-0.012785079446946401
2022-11-30,0.0555914547583749,0.07151024772735592,0.0849186596373046,0.01472920553617918,-0.047286007688809306,0.10076697490611375,0.03612226813392483,0.14301839322748444,0.13168100197079458,0.03808458796098546
2022-12-31,-0.05762831650161171,-0.026200394142098626,0.02930648566594085,-0.02711510428889574,-0.019406856592348087,-0.013585423432588617,-0.014880463452602188,-0.02229241117986691,-0.01812902982115583,-0.008704804207494865
2023-01-31,0.0628874346747148,0.07643654020145241,0.05759257431981046,0.008924982100713352,-0.010787392341171431,0.039248444572977714,0.03581092851390788,0.08337632005120921,0.09003668108451479,0.03330267297318712
2023-02-28,-0.02514267656877056,-0.04850583801571873,-0.05367596391642193,-0.044632110101468614,0.033078936597622066,-0.026918946054013126,-0.03270740974028341,-0.06654064982503538,-0.030747787295703155,-0.026656728849220768
2023-03-31,0.03707766543189828,0.04839351117105517,0.07916128247166143,-0.0008417372561951852,-0.01900075108462773,0.016721433394227825,0.03721056775244991,0.025601903173695373,0.03129050855664306,0.026412252887818344
2023-04-30,0.015975144316297207,0.0033836284358919055,0.008623522653246951,-0.007582200931766425,-0.004662938539391148,0.0027002791944861215,0.008147599143951245,-0.003960420506677997,0.029362400237900488,0.005755244942867055
2023-05-31,0.004616206764454844,-0.030153142420121015,-0.013419890078922081,-0.064091620521748,0.030991078624017065,-0.011888036478875708,-0.014383197813285342,-0.02957258515538308,-0.04007063096462404,-0.011443014219398195
2023-06-30,0.06479973521007398,0.0021716212825677594,-0.02221370606110007,0.029478426456255757,-0.008039109479590412,0.02502759984748426,-0.012552669073848444,0.0474105343757123,0.04470051617306603,-0.0036823299903606665
2023-07-31,0.03273330984760148,-0.025443012195295323,0.02288664235862692,0.08722470283873629,-0.0056378674030092,0.017240107801071325,-0.006516802190547399,0.058751316461094216,0.027034452930263297,-0.0001534815813504231
2023-08-31,-0.016252068676622433,-0.03142083303826204,-0.012777635059315506,-0.0036467509820943267,0.02374209610987399,-0.018458524262122133,-0.007308952498584209,-0.05897379863595753,-0.0393499273335548,-0.006313060191644904
2023-09-30,-0.04743455514965478,-0.07951128737964352,-0.047605861131121974,0.015046835118443846,0.029075836545294553,-0.03328149871346864,-0.031388038663705764,-0.024677444923218772,-0.03648819712076723,-0.025896278320863164
2023-10-31,-0.02170856527296494,-0.054631583142915385,0.07372411557093361,-0.018028860527933288,0.010090801724118803,-0.011890982170715825,-0.01927784413573974,-0.03238961769257853,-0.029019193292288414,-0.015706529981377337
2023-11-30,0.09134384294535414,0.09923848546350467,0.02531372564947043,-0.02447976477294167,-0.024641962505568715,0.06237942129016938,0.04554511823821161,0.07090139616055846,0.08218780536391757,0.04592949629248522
2023-12-31,0.0456553910543287,0.0868576757698023,0.012821182352028115,-0.03291286635868107,-0.01605401906436288,0.045483670530272136,0.03772268228076525,0.033331350585413144,0.05350979683020207,0.0369764619299644
2024-01-31,0.015926412525066214,-0.022451332173241023,-0.014228180398366375,0.013157883578200247,0.027316361409309042,-0.012126793861908514,0.0007261327025029907,-0.03552295098642988,-0.004512309834315387,-0.0015115467759772017
2024-02-29,0.052186909820852945,-0.02252213908195877,0.004563548019519192,-0.015226185311103313,0.009342481096072275,0.00784119249859927,-0.020826458023259553,0.034813296675422434,0.029862673141607843,-0.014745868167249432
2024-03-31,0.03270185932656733,0.007828849123921566,0.08668323846462611,0.04456566281223617,0.009967956757842122,0.019974360912560885,0.007332083327737937,0.019235642671797892,0.03378651957314305,0.009025060645876382
2024-04-30,-0.04031956506061651,-0.06455435953597499,0.02989497307015121,0.016107970298457452,0.021501571198794256,-0.024119986338222765,-0.03129790393917331,0.009576080998444203,-0.03243197238473805,-0.024782503351422736
2024-05-31,0.05057983418262069,0.028869884136204726,0.016189210429127243,-0.0029990763859105707,-0.010696995984758484,0.026051432226645854,0.01800161533939737,0.021579547226854512,0.05060196209192913,0.01669550909245654
2024-06-30,0.035279921855547736,0.018171126892837064,-0.0013469974027457976,-0.001719002334276798,0.016044583747683694,-0.0023338120519535988,0.012169955915116937,0.019700271468386044,-0.01826739759681295,0.008855207111223784
2024-07-31,0.01210917131402578,0.03629921035667327,0.053671963349382734,-0.027980972498845347,-0.01270165055641903,0.0266857558860496,0.028972543289434993,0.012111312927425288,0.02591596224812931,0.02419165039267135
2024-08-31,0.02336554840830951,0.021112355099298874,0.02092249026936499,-0.020814967064192058,-0.017037528653031764,0.0226631256871741,0.013457449615057238,0.009708873086886838,0.0326032113909549,0.014614394602566083
2024-09-30,0.021004661564918203,0.019994274891570463,0.050888514912532656,0.007236571314352291,-0.0031835570739218166,0.02014560310982927,0.013824991338172943,0.07315494323307958,0.007833193803060468,0.01332817994571367
2024-10-31,-0.008923450631287189,-0.05454865533500464,0.04299348742370923,0.014369065928183655,0.03619581231958158,-0.024411168071109546,-0.03387369943234986,-0.026750171550853352,-0.05273219027193898,-0.025187279660453088
2024-11-30,0.05963340638822423,0.019872017612162063,-0.031241364603207922,-0.019920335207353812,0.022260309876808826,0.01825459713936528,0.010209279271821137,-0.02147311762242199,-0.0031558075321397316,0.01110987544665587
2024-12-31,-0.024060285058999265,-0.06380992857297219,-0.014088486936242095,0.01722728461039935,0.030073536708995485,-0.02228189172828443,-0.022584036747693603,-0.0102424990536788,-0.029501705273033862,-0.016934171868209003
2025-01-31,0.026856410906426875,0.0049237723499309105,0.06785607873643396,0.02759587731841817,0.0030591687130741008,0.01695852537902698,0.006165518432232675,0.00817449790523872,0.04800954488713938,0.0051599841524454515
2025-02-28,-0.012694735727451834,0.056970925245212634,0.018216241876358952,0.001365542193477065,-0.004066429375291669,0.021318895373469093,0.027997192614442667,0.00743218627302511,0.02953060104319749,0.022373834839970463
2025-03-31,-0.05571919586383445,-0.01204677036221291,0.09446585889998316,0.022727313461619714,-0.02892136445521909,-0.011501095689329,0.003419395619392418,0.012878475625984986,0.0018386722504235564,-0.0002627482249306645
2025-04-30,-0.008670119115083419,-0.013604701699433286,0.05424437277239913,-0.0857778632599584,-0.039593609162523524,-0.0025501257014720613,0.010561195126999268,-0.00022092382546501366,0.036950860971410204,0.004310619161370655
2025-05-31,0.06284489987557662,-0.032106263787298306,-0.0005595776946504261,0.01507046323581207,0.0014593974473209315,0.011634838296045169,-0.012395931241977354,0.03867411214491656,0.04790558129677369,-0.006068929279419155
2025-06-30,0.051386182837998895,0.026640494806511983,0.004051318985581975,0.044540337874050095,-0.020765101614451886,0.02688619279541582,0.01601935452698977,0.05538709772959449,0.023962219090976067,0.014553441195341188
2025-07-31,0.023031505020404186,-0.011396560958376267,-0.0061345510598058706,0.029344342392092937,0.03794642431269235,0.006830104483368071,-0.005939200471691164,0.006874193927066674,-0.020919628404458934,-0.0026394735832370175
2025-08-31,0.020519492148202145,0.000127017231824178,0.049874624687468394,-0.010690501750062142,-0.018996345097405998,0.017964713158532097,0.016481490903743623,0.03473896257084852,0.04524687605754485,0.011903602784196332
2025-09-30,0.03562036952182912,0.03590969627281493,0.11758415768627128,0.014407972239687483,0.005115067396144202,0.015706575249755605,0.0065110614781738185,0.056879265859579586,0.02066024791754062,0.011267606735609226
2025-10-31,0.023837458474752493,0.013810952056548365,0.035586670754335525,0.015534844102449874,0.0254452548547901,0.019757950400949298,0.007112879411012907,0.01458102028589714,0.011995296653732446,0.006154570925974268
2025-11-30,0.0019499283249213573,0.0027232065362445823,0.05367817567023114,0.007867126314085038,0.0,0.004966198272445377,0.009881223489558444,-0.012188517089581574,0.0074082379922144614,0.006057185446178837
2025-12-31,0.000797497311368911,-0.026585984938163776,0.02173350667644791,0.0022788157681672416,-0.009105195352308915,0.0031637207105550402,-0.007611821737391167,0.009518348336334137,0.027104738074029466,-0.0027898087078928047
2026-01-31,0.014737781623702428,-0.0003442668973494545,0.12273224230545976,0.09257601244724079,-0.006659278601672813,0.003115940887132407,-0.0022878482795686272,0.05040928169234049,0.049047163848221276,0.0025030310800562283
2026-02-28,-0.010824155023323123,0.03251234289610938,0.03283511619450108,0.0,0.010055882827845641,0.014402351406901825,0.015288307451783334,0.019833520589231934,0.03285691143714731,0.010770972846602334
